{"native_perf": {"max": 758.8916096321216, "min": 617.4703177043929, "sqr": 1866.1831650917302, "avg": 674.9536692826103, "count": 10, "raw_data": [682.9709672173935, 652.027631982854, 712.0236251319552, 723.5927749504787, 627.6769326662247, 674.0053283944331, 666.933330087646, 617.4703177043929, 633.9441750586043, 758.8916096321216]}, "native_no_perf": {"max": 705.8029476068796, "min": 526.809904471804, "sqr": 3267.462085368694, "avg": 606.4808335353997, "count": 10, "raw_data": [584.4002462880895, 570.7375662394496, 604.7765033770107, 677.2032178302835, 658.314811509126, 629.0055181025906, 575.8392203136957, 526.809904471804, 705.8029476068796, 531.9183996150679]}, "wasm_perf": {"max": 418.10705487403476, "min": 259.1188511794065, "sqr": 3199.531623129704, "avg": 332.1208554548462, "count": 10, "raw_data": [383.08731401419016, 269.8688938515684, 263.7775913397364, 362.3116904650458, 330.25794561752497, 259.1188511794065, 278.6652566074994, 386.5269020608179, 369.4870545386376, 418.10705487403476]}, "wasm_no_perf": {"max": 460.02512080172755, "min": 258.61580922773805, "sqr": 3107.3673870958883, "avg": 307.3126854567187, "count": 10, "raw_data": [288.6176267412283, 289.5528529266323, 305.14841512265644, 276.61421070103324, 286.70770048602225, 269.5451569609523, 460.02512080172755, 347.76822830732834, 290.5317332918688, 258.61580922773805]}, "docker": {"max": 625.9938289239273, "min": 451.569377962536, "sqr": 2417.424597506644, "avg": 545.7299387646087, "count": 10, "raw_data": [625.9938289239273, 553.6563141721466, 539.7775471959029, 571.7851667532548, 451.569377962536, 532.7988391243678, 577.7144950775313, 534.887037461215, 591.7038572021359, 477.41292377306985]}}