{"native_perf": {"max": 1351.1810165134689, "min": 1225.0590324192383, "sqr": 1571.7510427716188, "avg": 1277.0609056063515, "count": 10, "raw_data": [1225.0590324192383, 1241.632083227106, 1256.6419925785494, 1285.1592068877694, 1351.1810165134689, 1319.3152105550266, 1256.3652578599742, 1326.8636213901054, 1249.6057368703348, 1258.7858977619394]}, "wasm_perf": {"max": 4846.846133153598, "min": 3241.952708, "sqr": 218132.9588783905, "avg": 4178.187682418227, "count": 10, "raw_data": [4195.072982355771, 4738.67964, 3241.952708, 4015.5219903194193, 3981.4818914818916, 4846.846133153598, 4035.279693, 4382.626671880015, 4628.173771, 3716.241342991574]}, "docker": {"max": 1743.8949026499718, "min": 1590.4526233229885, "sqr": 2081.7176291202195, "avg": 1655.5867572914467, "count": 10, "raw_data": [1590.4526233229885, 1703.135705014589, 1670.1877403597207, 1622.4390508253332, 1604.4935738445088, 1644.9233790638202, 1619.1591508932759, 1685.4454411469383, 1671.7360057933195, 1743.8949026499718]}}