{"native_perf": {"max": 1328.299939788236, "min": 1224.9264161516478, "sqr": 900.1398622717243, "avg": 1265.7680994495886, "count": 10, "raw_data": [1237.0865081697764, 1306.5196858456839, 1256.2710823646191, 1267.648230603211, 1248.0581968703802, 1265.4438907776669, 1245.9108985197227, 1277.5161454049407, 1224.9264161516478, 1328.299939788236]}, "native_no_perf": {"max": 1700.9673080769996, "min": 1423.1649897785894, "sqr": 6155.239621709101, "avg": 1509.1775646094122, "count": 10, "raw_data": [1541.252028168543, 1580.0332458342748, 1511.5150437146053, 1436.3331478485302, 1477.0322514889738, 1501.7071765826308, 1465.4196181806174, 1454.3508364203549, 1423.1649897785894, 1700.9673080769996]}, "wasm_perf": {"max": 4779.365638, "min": 3251.5387802131195, "sqr": 238536.26656293496, "avg": 4067.6795305900987, "count": 10, "raw_data": [3251.5387802131195, 3428.4412030309786, 4440.923565694263, 3724.4755874755874, 4531.870494, 4779.365638, 4465.245943, 3732.994407904934, 4309.464844840019, 4012.474841742087]}, "wasm_no_perf": {"max": 3637.612113, "min": 2701.7564422693267, "sqr": 113361.06471543759, "avg": 3186.8280591045295, "count": 10, "raw_data": [2929.6478635914546, 3637.612113, 2913.3468013872057, 2701.7564422693267, 3477.2165871330594, 3109.350844699837, 3618.8769559886305, 3366.24136999838, 2732.044952044952, 3382.1866609324447]}, "docker": {"max": 1775.0385217750031, "min": 1602.0352455006378, "sqr": 2657.594796292018, "avg": 1666.924927030152, "count": 10, "raw_data": [1655.6695277977094, 1616.8700086434492, 1658.687663186288, 1775.0385217750031, 1657.4308444966398, 1679.7010383849406, 1623.0283131728859, 1658.2274066978737, 1742.560700646093, 1602.0352455006378]}}