{"native": {"max": 0.055708885192871094, "min": 0.046450138092041016, "sqr": 1.879231367638793e-06, "avg": 0.048803186416625975, "count": 100, "raw_data": [0.05109572410583496, 0.048407793045043945, 0.05035042762756348, 0.04850411415100098, 0.048614501953125, 0.048536062240600586, 0.048540353775024414, 0.04820442199707031, 0.0476384162902832, 0.049677371978759766, 0.04939913749694824, 0.050267696380615234, 0.0475916862487793, 0.04845237731933594, 0.04886913299560547, 0.04789018630981445, 0.05092287063598633, 0.050205230712890625, 0.0492093563079834, 0.047876596450805664, 0.04847979545593262, 0.05064988136291504, 0.05013012886047363, 0.048172950744628906, 0.04927372932434082, 0.04867124557495117, 0.04936075210571289, 0.048583984375, 0.05042600631713867, 0.04858112335205078, 0.04893851280212402, 0.05057406425476074, 0.048503875732421875, 0.04889869689941406, 0.0491487979888916, 0.04919314384460449, 0.04805564880371094, 0.047695159912109375, 0.048453330993652344, 0.0480198860168457, 0.047514915466308594, 0.04861903190612793, 0.04892587661743164, 0.04809832572937012, 0.04833722114562988, 0.04760551452636719, 0.04813885688781738, 0.04837489128112793, 0.04838442802429199, 0.0486750602722168, 0.04829239845275879, 0.04985952377319336, 0.04860949516296387, 0.05023789405822754, 0.04964852333068848, 0.048918724060058594, 0.04810738563537598, 0.0528559684753418, 0.048859357833862305, 0.049539804458618164, 0.04812741279602051, 0.04735422134399414, 0.048145294189453125, 0.04771065711975098, 0.047942161560058594, 0.04727602005004883, 0.047524213790893555, 0.04816603660583496, 0.04833197593688965, 0.04678678512573242, 0.04800128936767578, 0.04783010482788086, 0.047051429748535156, 0.048139333724975586, 0.047690391540527344, 0.04823708534240723, 0.047728776931762695, 0.0480806827545166, 0.04916667938232422, 0.04866671562194824, 0.047719717025756836, 0.046450138092041016, 0.04882526397705078, 0.04821062088012695, 0.0486910343170166, 0.048009634017944336, 0.04797983169555664, 0.047510623931884766, 0.04652547836303711, 0.046587228775024414, 0.055708885192871094, 0.05126333236694336, 0.05116772651672363, 0.05037975311279297, 0.05269765853881836, 0.050260305404663086, 0.04970598220825195, 0.04815530776977539, 0.04980921745300293, 0.049036264419555664]}, "wasm": {"max": 0.218672513961792, "min": 0.07504439353942871, "sqr": 0.0001550966399484592, "avg": 0.1763804602622986, "count": 100, "raw_data": [0.1766812801361084, 0.1763899326324463, 0.17809104919433594, 0.17700743675231934, 0.17530131340026855, 0.18211889266967773, 0.1774139404296875, 0.17469429969787598, 0.17437958717346191, 0.17497634887695312, 0.17720794677734375, 0.17732572555541992, 0.17563128471374512, 0.17369484901428223, 0.17453622817993164, 0.1747446060180664, 0.17626690864562988, 0.17572927474975586, 0.1779918670654297, 0.1753675937652588, 0.1766214370727539, 0.17838525772094727, 0.18056058883666992, 0.17521023750305176, 0.18041610717773438, 0.1771552562713623, 0.17477703094482422, 0.17481112480163574, 0.1760544776916504, 0.18142962455749512, 0.1542186737060547, 0.07504439353942871, 0.1359555721282959, 0.17555761337280273, 0.17533540725708008, 0.1789717674255371, 0.1768817901611328, 0.1765751838684082, 0.1755058765411377, 0.17780256271362305, 0.1777806282043457, 0.1764078140258789, 0.17975068092346191, 0.17632246017456055, 0.218672513961792, 0.1947193145751953, 0.17729711532592773, 0.17682504653930664, 0.18071269989013672, 0.1733415126800537, 0.17586636543273926, 0.1755220890045166, 0.17554593086242676, 0.18239188194274902, 0.17942523956298828, 0.1794145107269287, 0.17423439025878906, 0.17438411712646484, 0.17721319198608398, 0.1763746738433838, 0.1767730712890625, 0.17364788055419922, 0.17624592781066895, 0.1758875846862793, 0.17630386352539062, 0.1779634952545166, 0.17600655555725098, 0.17812633514404297, 0.17754030227661133, 0.17584562301635742, 0.1730201244354248, 0.17543649673461914, 0.17748618125915527, 0.1755993366241455, 0.17919468879699707, 0.17620420455932617, 0.17883896827697754, 0.17919588088989258, 0.1743919849395752, 0.185288667678833, 0.17640352249145508, 0.17688727378845215, 0.1755976676940918, 0.1801443099975586, 0.19249796867370605, 0.18762946128845215, 0.18034958839416504, 0.17581534385681152, 0.18284082412719727, 0.17812204360961914, 0.18492794036865234, 0.17702746391296387, 0.17968010902404785, 0.1754014492034912, 0.17748641967773438, 0.17550945281982422, 0.18190526962280273, 0.17951059341430664, 0.17690587043762207, 0.1793837547302246]}, "docker": {"max": 0.9475231170654297, "min": 0.46185755729675293, "sqr": 0.0020254407539183616, "avg": 0.6558863234519958, "count": 100, "raw_data": [0.6447501182556152, 0.6531190872192383, 0.663637638092041, 0.6457886695861816, 0.6463298797607422, 0.7516114711761475, 0.7649860382080078, 0.6388437747955322, 0.6431121826171875, 0.6895565986633301, 0.6501264572143555, 0.6585037708282471, 0.6468470096588135, 0.6574771404266357, 0.66261887550354, 0.64143967628479, 0.6514163017272949, 0.6582865715026855, 0.6625566482543945, 0.649188756942749, 0.6686732769012451, 0.6516218185424805, 0.6616027355194092, 0.6383614540100098, 0.642324686050415, 0.632317304611206, 0.625748872756958, 0.6896073818206787, 0.6574909687042236, 0.6451823711395264, 0.9475231170654297, 0.6472563743591309, 0.6789653301239014, 0.6437904834747314, 0.675304651260376, 0.646794319152832, 0.670750617980957, 0.6725537776947021, 0.6574630737304688, 0.683281421661377, 0.6287574768066406, 0.6861650943756104, 0.6670243740081787, 0.6558539867401123, 0.6630959510803223, 0.6322393417358398, 0.659796953201294, 0.6569428443908691, 0.6595447063446045, 0.6580743789672852, 0.6558632850646973, 0.648500919342041, 0.6353886127471924, 0.6729447841644287, 0.6328537464141846, 0.6413283348083496, 0.7069957256317139, 0.6588165760040283, 0.6564438343048096, 0.664496898651123, 0.6542627811431885, 0.6526284217834473, 0.6435961723327637, 0.6740095615386963, 0.6292686462402344, 0.6390120983123779, 0.664637565612793, 0.6474573612213135, 0.6460566520690918, 0.6640758514404297, 0.6554605960845947, 0.6367759704589844, 0.6303346157073975, 0.6499247550964355, 0.651599645614624, 0.654287576675415, 0.6554141044616699, 0.6769399642944336, 0.6740539073944092, 0.6464416980743408, 0.6551368236541748, 0.6599812507629395, 0.6823208332061768, 0.6513333320617676, 0.6626694202423096, 0.6365759372711182, 0.6829943656921387, 0.6747910976409912, 0.6617155075073242, 0.6312386989593506, 0.6649103164672852, 0.5132749080657959, 0.5292541980743408, 0.46185755729675293, 0.6455564498901367, 0.640906810760498, 0.6538443565368652, 0.6562414169311523, 0.6466708183288574, 0.6731817722320557]}}