{"native": {"max": 0.057286739349365234, "min": 0.0474090576171875, "sqr": 2.117475750173896e-06, "avg": 0.049537248611450195, "count": 100, "raw_data": [0.050713539123535156, 0.04798173904418945, 0.048264265060424805, 0.0482943058013916, 0.04818892478942871, 0.0484621524810791, 0.04807448387145996, 0.04801154136657715, 0.047528743743896484, 0.049262046813964844, 0.04904580116271973, 0.04918932914733887, 0.05145907402038574, 0.050316810607910156, 0.05053877830505371, 0.04953646659851074, 0.04954957962036133, 0.04982399940490723, 0.04979348182678223, 0.05247807502746582, 0.050536394119262695, 0.04925179481506348, 0.04793357849121094, 0.04824066162109375, 0.04847121238708496, 0.04926156997680664, 0.05121588706970215, 0.049757957458496094, 0.048276424407958984, 0.04805254936218262, 0.048513174057006836, 0.0491175651550293, 0.04839181900024414, 0.04909229278564453, 0.048432111740112305, 0.04771232604980469, 0.0474090576171875, 0.04856753349304199, 0.04900026321411133, 0.04966545104980469, 0.049036264419555664, 0.0481414794921875, 0.04866790771484375, 0.049236297607421875, 0.04863405227661133, 0.04924297332763672, 0.050400733947753906, 0.0495758056640625, 0.0492091178894043, 0.04984784126281738, 0.0500025749206543, 0.052509307861328125, 0.04938673973083496, 0.04826760292053223, 0.05031943321228027, 0.04987788200378418, 0.049353599548339844, 0.04808211326599121, 0.05178952217102051, 0.04986453056335449, 0.05238795280456543, 0.05072522163391113, 0.05036282539367676, 0.048758745193481445, 0.048264265060424805, 0.04819226264953613, 0.04866218566894531, 0.052686214447021484, 0.050734758377075195, 0.0508577823638916, 0.050573110580444336, 0.04841446876525879, 0.050504446029663086, 0.04893684387207031, 0.05105185508728027, 0.051880836486816406, 0.05147528648376465, 0.05100870132446289, 0.05038928985595703, 0.050446271896362305, 0.050530433654785156, 0.05161547660827637, 0.05118131637573242, 0.057286739349365234, 0.050270795822143555, 0.04768490791320801, 0.048174142837524414, 0.05000162124633789, 0.04862022399902344, 0.04944014549255371, 0.04883098602294922, 0.04826092720031738, 0.048416852951049805, 0.04847884178161621, 0.048499345779418945, 0.049041748046875, 0.04873514175415039, 0.04915428161621094, 0.04913663864135742, 0.04919242858886719]}, "wasm": {"max": 0.1920154094696045, "min": 0.0684201717376709, "sqr": 0.00028068251765252586, "avg": 0.17468381881713868, "count": 100, "raw_data": [0.17705368995666504, 0.17649435997009277, 0.1787109375, 0.17502856254577637, 0.17632436752319336, 0.17638254165649414, 0.17554855346679688, 0.17564797401428223, 0.18084406852722168, 0.17613577842712402, 0.17797064781188965, 0.17395281791687012, 0.17496395111083984, 0.17609453201293945, 0.17491436004638672, 0.17438006401062012, 0.17411351203918457, 0.17487168312072754, 0.17842531204223633, 0.10671257972717285, 0.07272958755493164, 0.0684201717376709, 0.179426908493042, 0.18329286575317383, 0.17858076095581055, 0.17715001106262207, 0.17599964141845703, 0.17502140998840332, 0.17666125297546387, 0.1742384433746338, 0.17791175842285156, 0.1800861358642578, 0.18384337425231934, 0.17794489860534668, 0.17999529838562012, 0.18012475967407227, 0.18017578125, 0.1782212257385254, 0.17613005638122559, 0.18013882637023926, 0.1770169734954834, 0.18330931663513184, 0.17667770385742188, 0.17451834678649902, 0.17334389686584473, 0.1797032356262207, 0.1765122413635254, 0.17960214614868164, 0.17510604858398438, 0.1758279800415039, 0.17827272415161133, 0.18268895149230957, 0.17775464057922363, 0.17655491828918457, 0.17612385749816895, 0.1730189323425293, 0.17559456825256348, 0.1813795566558838, 0.1920154094696045, 0.18368983268737793, 0.17607498168945312, 0.1796557903289795, 0.1767749786376953, 0.17439866065979004, 0.18004250526428223, 0.1792306900024414, 0.17662382125854492, 0.17409253120422363, 0.17901158332824707, 0.17504000663757324, 0.1759040355682373, 0.17528891563415527, 0.17430758476257324, 0.17463994026184082, 0.17606258392333984, 0.1801760196685791, 0.1735067367553711, 0.1836540699005127, 0.17583060264587402, 0.1752936840057373, 0.1740555763244629, 0.17650771141052246, 0.17340636253356934, 0.17848920822143555, 0.1763927936553955, 0.17737221717834473, 0.17383551597595215, 0.18590641021728516, 0.17702841758728027, 0.17538237571716309, 0.1796703338623047, 0.17441582679748535, 0.1772778034210205, 0.1785445213317871, 0.1753253936767578, 0.17972040176391602, 0.1777358055114746, 0.17903375625610352, 0.18537116050720215, 0.17792582511901855]}, "docker": {"max": 0.99709153175354, "min": 0.5043094158172607, "sqr": 0.0023566412573738926, "avg": 0.6599762415885926, "count": 100, "raw_data": [0.6750686168670654, 0.6548566818237305, 0.9207804203033447, 0.6608407497406006, 0.6918051242828369, 0.6538882255554199, 0.6774823665618896, 0.6606931686401367, 0.6565921306610107, 0.6302149295806885, 0.6912493705749512, 0.6788437366485596, 0.6508941650390625, 0.6546790599822998, 0.655928373336792, 0.6519894599914551, 0.617913007736206, 0.6838459968566895, 0.661799430847168, 0.6635656356811523, 0.6483347415924072, 0.6638696193695068, 0.6778550148010254, 0.6478509902954102, 0.6797688007354736, 0.6513552665710449, 0.6380853652954102, 0.6471097469329834, 0.642899751663208, 0.673001766204834, 0.6612637042999268, 0.6478385925292969, 0.630420446395874, 0.6400191783905029, 0.6653404235839844, 0.6771759986877441, 0.6327285766601562, 0.6593444347381592, 0.5043094158172607, 0.6580832004547119, 0.6623733043670654, 0.6434633731842041, 0.678267240524292, 0.647512674331665, 0.656449556350708, 0.6652576923370361, 0.6422464847564697, 0.672450065612793, 0.6830158233642578, 0.6494450569152832, 0.6281733512878418, 0.6602535247802734, 0.6468338966369629, 0.6465680599212646, 0.6474654674530029, 0.6234865188598633, 0.67220139503479, 0.6467902660369873, 0.6317267417907715, 0.640977144241333, 0.6581888198852539, 0.61623215675354, 0.6627488136291504, 0.6772811412811279, 0.6448776721954346, 0.6816005706787109, 0.6549162864685059, 0.6576552391052246, 0.6588211059570312, 0.633439302444458, 0.99709153175354, 0.6332240104675293, 0.6754496097564697, 0.6734247207641602, 0.6986627578735352, 0.6628553867340088, 0.6888573169708252, 0.6475574970245361, 0.6629464626312256, 0.6419861316680908, 0.6562368869781494, 0.6383388042449951, 0.6429402828216553, 0.640211820602417, 0.621971845626831, 0.6636929512023926, 0.655667781829834, 0.6651265621185303, 0.6347672939300537, 0.6535851955413818, 0.6387417316436768, 0.6539924144744873, 0.6495926380157471, 0.6531863212585449, 0.6463022232055664, 0.6531586647033691, 0.6718931198120117, 0.6433677673339844, 0.6555297374725342, 0.6469602584838867]}}