{"native_perf": {"max": 1252.444935, "min": 916.340142, "sqr": 14233.973935632966, "avg": 1076.9452549000002, "count": 10, "raw_data": [944.383233, 1162.107134, 1183.170416, 995.152611, 1179.204945, 1041.883955, 1168.857486, 1252.444935, 916.340142, 925.907692]}, "wasm_perf": {"max": 2168.472074, "min": 1666.093385, "sqr": 28843.58235955378, "avg": 1903.3040028, "count": 10, "raw_data": [1691.706588, 2046.692934, 1906.426778, 1789.272104, 1983.548429, 1703.973483, 2058.646202, 1666.093385, 2168.472074, 2018.208051]}, "docker": {"max": 1558.344865, "min": 1195.434279, "sqr": 9207.242983817123, "avg": 1298.7900851000002, "count": 10, "raw_data": [1309.835987, 1275.291819, 1333.78505, 1258.948812, 1200.53809, 1558.344865, 1298.398517, 1284.630719, 1195.434279, 1272.692713]}}
