{"native_perf": {"max": 1687.723251, "min": 813.630834, "sqr": 102840.35493238759, "avg": 1280.959599, "count": 10, "raw_data": [1168.360135, 813.630834, 1410.650708, 1687.723251, 1530.282965, 1614.450426, 1668.244373, 1030.172145, 957.386931, 928.694222]}, "native_no_perf": {"max": 1463.147727, "min": 800.041622, "sqr": 70078.15522757918, "avg": 1117.4269303, "count": 10, "raw_data": [800.041622, 1242.399915, 1412.639069, 1397.239559, 1355.35292, 1463.147727, 920.064047, 924.081596, 850.733425, 808.569423]}, "wasm_perf": {"max": 2320.04837, "min": 1665.069609, "sqr": 60794.53652317077, "avg": 2014.3556077, "count": 10, "raw_data": [2060.035779, 1679.805828, 1806.122198, 1665.069609, 1799.983823, 2320.04837, 2214.664678, 2296.591162, 2277.611027, 2023.623603]}, "wasm_no_perf": {"max": 2504.091355, "min": 1641.658326, "sqr": 58090.92969376827, "avg": 1885.2638149000002, "count": 10, "raw_data": [1907.785276, 1731.508956, 1892.75694, 1649.658336, 1932.16056, 2504.091355, 1967.661425, 1641.658326, 1672.360373, 1952.996602]}, "docker": {"max": 1803.989203, "min": 1025.014509, "sqr": 39144.42597252992, "avg": 1269.1587236000003, "count": 10, "raw_data": [1262.277808, 1200.778871, 1025.014509, 1373.604687, 1243.702197, 1233.969691, 1187.312262, 1803.989203, 1126.407783, 1234.530225]}}