{"native_perf": {"max": 1178.3213390933345, "min": 1012.591434783228, "sqr": 3013.5111323017627, "avg": 1117.6978293480736, "count": 10, "raw_data": [1167.5537984023777, 1151.1125484857782, 1118.2403135777545, 1156.169897871659, 1044.097377451693, 1012.591434783228, 1178.3213390933345, 1133.9539455702106, 1154.5827163575127, 1060.3549218871874]}, "native_no_perf": {"max": 1182.372702042079, "min": 1043.1173954561439, "sqr": 2597.623053819407, "avg": 1109.4702507277245, "count": 10, "raw_data": [1182.372702042079, 1082.3285299324957, 1078.7093775725536, 1074.1269273174112, 1174.0594064168315, 1171.2102333900602, 1067.2170640388943, 1043.1173954561439, 1068.6238379253846, 1152.9370331853922]}, "wasm_perf": {"max": 445.8391746145872, "min": 391.8009569018948, "sqr": 327.8113746966701, "avg": 414.2341354729644, "count": 10, "raw_data": [433.13018303715984, 445.8391746145872, 412.4585225811561, 440.52089897387384, 401.68282794585537, 406.57090757288034, 406.3093948456815, 393.4390761553239, 410.5894121012312, 391.8009569018948]}, "wasm_no_perf": {"max": 489.7549934433679, "min": 435.20317259829494, "sqr": 418.57176452776184, "avg": 461.00324998681043, "count": 10, "raw_data": [436.79159415926205, 439.5822619744795, 463.7946399407612, 435.20317259829494, 476.7897706641203, 464.10622674360326, 475.8151794864253, 440.18945082710593, 489.7549934433679, 488.0052100306836]}, "docker": {"max": 1076.058299258154, "min": 957.7782490488474, "sqr": 1186.3625421922188, "avg": 1014.2985666715886, "count": 10, "raw_data": [1076.058299258154, 1025.736626321026, 971.0494028649123, 1018.4257545593931, 1015.0215800514919, 1056.0411112126862, 1023.5358427166589, 957.7782490488474, 1016.7009362867414, 982.6378643959747]}}